Delivery charges,Delivery Charges
Is delivery free?,Delivery Charges
Delivery charges included?,Delivery Charges
Alright wid delivery ??,Delivery Charges
And how much will it cost after printing name on it and is thr any delivery charges ?,Delivery Charges
can u gin me final pirce wid delivery charges,Delivery Charges
How much it will total cost?,Total Cost
Are prices inclusive of delivery?,Total Cost
What will be total charges?,Total Cost
Tell me the total amount please?,Total Cost
Total price pls.,Total Cost
How much it total cost?,Total Cost
How much total it will cost with delivery,Total Cost
Alright wid delivery ??,Total Cost
k then after that what will be the total amount i will hv to pay?,Total Cost
And how much will it cost after printing name on it and is thr any delivery charges ?,Total Cost
Ok then after that what will be the total amount i will hv to pay?,Total Cost
Then wts the price of full set along with name. Please confirm? And delivery timings?,Total Cost
Price and total,Total Cost
Can you please let me know what will be total package charges,Total Cost
Plz confirm order n tell me the full bill,Total Cost
can u give me total amount?,Total Cost
can u gin me final pirce wid delivery charges,Total Cost
Payment method?,Payment Method
Payment A/C transfer hojye gi?,Payment Method
How to make payment,Payment Method
Cash on delivery?,Payment Method
Kindly provide delivery time?,Delivery Time
In how many days it will be delivered to me?,Delivery Time
How many days will it take?,Delivery Time
And when it will be delivered,Delivery Time
How many days u take for delivery,Delivery Time
Is it possible you can deliver on monday ?,Delivery Time
I want it on tuesday,Delivery Time
Kb tk place ho jye gaa,Delivery Time
Price kya ha or kb mily gA,Delivery Time
Then wts the price of full set along with name. Please confirm? And delivery timings?,Delivery Time
How many days it will take to reach Rawalpindi,Delivery Time
And in how many days u will deliver,Delivery Time
In how many days u delivered??,Delivery Time
I am in Lahore...In how many days you may deliver the items..,Delivery Time
Kitny days main delivery ho jati ha?.,Delivery Time
Till when will i get the parcels??,Delivery Time
I would like to know delivery status of my package. Can you pls tell me about it?,Status
Havent got the delivery yet. When will it arrive?,Status
Didn't get any call. Is the order confirmed?,Status
My order is confirmed or not yet?,Status
Have u dispatched my order??,Status
Haven't received my parcel. The order has been placed since Saturday.,Status
How can I order?,Order
I want to order this product.,Order
I want this product.,Order
I want to oder this,Order
OK I want to order both,Order
I want to buy this one,Order
I want to place an order,Order
want to buy this,Order
I want this,Order
I want order one,Order
I want this wallet with keychain,Order
I want to order this one in black clr,Order
Plz confirm order n tell me the full bill,Order
I want to order,Order
But I want to place yet another order,Order
What is the price of this?,Price
How much?,Price
Price for three?,Price
What's the price,Price
Price**,Price
Whts the pricr,Price
Price kya ha or kb mily gA,Price
Yes plz confirm price?,Price
Price?,Price
What is the price,Price
Price and total,Price
Kindly mention me the prices and the colours,Price
Slam...Gs538 gift pack k price to bata dain...,Price
Kindly tell me da amount,Price
How much for this one?,Price
12 .. items .. please inform Prise? ?? Price in origianl leather ...?? prise in China leather ??,Price
Ok any rough idea abt price,Price
Price n pics ??,Price
what is the price of wallet?,Price
Show me wallets of rs 550,imp questions
i need a low range wallet,imp questions
I need this ... may you arrange .. .,imp questions
